la_code,la_name,total_claimants,female_claimants,male_claimants,female_claimant_pct,gender_split_note
E08000025,Birmingham,10646,5004,5642,47.0,Female % estimated from UK national ratio (LA-level gender split not available via Nomis)
E08000035,Leeds,8903,4184,4719,47.0,Female % estimated from UK national ratio (LA-level gender split not available via Nomis)
E08000003,Manchester,7717,3627,4090,47.0,Female % estimated from UK national ratio (LA-level gender split not available via Nomis)
E06000023,"Bristol, City of",6874,3231,3643,47.0,Female % estimated from UK national ratio (LA-level gender split not available via Nomis)
E06000049,Cheshire East,6759,3177,3582,47.0,Female % estimated from UK national ratio (LA-level gender split not available via Nomis)
E06000007,Warrington,5950,2796,3154,47.0,Female % estimated from UK national ratio (LA-level gender split not available via Nomis)
E08000019,Sheffield,5261,2473,2788,47.0,Female % estimated from UK national ratio (LA-level gender split not available via Nomis)
E06000050,Cheshire West and Chester,5049,2373,2676,47.0,Female % estimated from UK national ratio (LA-level gender split not available via Nomis)
E08000012,Liverpool,4959,2331,2628,47.0,Female % estimated from UK national ratio (LA-level gender split not available via Nomis)
E08000036,Wakefield,4865,2287,2578,47.0,Female % estimated from UK national ratio (LA-level gender split not available via Nomis)
E08000026,Coventry,4691,2205,2486,47.0,Female % estimated from UK national ratio (LA-level gender split not available via Nomis)
E06000018,Nottingham,4576,2151,2425,47.0,Female % estimated from UK national ratio (LA-level gender split not available via Nomis)
E08000009,Trafford,4462,2097,2365,47.0,Female % estimated from UK national ratio (LA-level gender split not available via Nomis)
E06000025,South Gloucestershire,4449,2091,2358,47.0,Female % estimated from UK national ratio (LA-level gender split not available via Nomis)
E06000052,Cornwall,4413,2074,2339,47.0,Female % estimated from UK national ratio (LA-level gender split not available via Nomis)
E08000032,Bradford,4313,2027,2286,47.0,Female % estimated from UK national ratio (LA-level gender split not available via Nomis)
E07000154,Northampton,4225,1986,2239,47.0,Female % estimated from UK national ratio (LA-level gender split not available via Nomis)
E06000031,Peterborough,4059,1908,2151,47.0,Female % estimated from UK national ratio (LA-level gender split not available via Nomis)
E06000042,Milton Keynes,3924,1844,2080,47.0,Female % estimated from UK national ratio (LA-level gender split not available via Nomis)
E08000017,Doncaster,3848,1809,2039,47.0,Female % estimated from UK national ratio (LA-level gender split not available via Nomis)
E06000016,Leicester,3812,1792,2020,47.0,Female % estimated from UK national ratio (LA-level gender split not available via Nomis)
E08000028,Sandwell,3743,1759,1984,47.0,Female % estimated from UK national ratio (LA-level gender split not available via Nomis)
E06000047,County Durham,3725,1751,1974,47.0,Female % estimated from UK national ratio (LA-level gender split not available via Nomis)
E08000007,Stockport,3623,1703,1920,47.0,Female % estimated from UK national ratio (LA-level gender split not available via Nomis)
E06000054,Wiltshire,3617,1700,1917,47.0,Female % estimated from UK national ratio (LA-level gender split not available via Nomis)
E09000017,Hillingdon,3590,1687,1903,47.0,Female % estimated from UK national ratio (LA-level gender split not available via Nomis)
E08000005,Rochdale,3430,1612,1818,47.0,Female % estimated from UK national ratio (LA-level gender split not available via Nomis)
E08000034,Kirklees,3376,1587,1789,47.0,Female % estimated from UK national ratio (LA-level gender split not available via Nomis)
E08000010,Wigan,3352,1575,1777,47.0,Female % estimated from UK national ratio (LA-level gender split not available via Nomis)
E06000030,Swindon,3329,1565,1764,47.0,Female % estimated from UK national ratio (LA-level gender split not available via Nomis)
E09000009,Ealing,3252,1528,1724,47.0,Female % estimated from UK national ratio (LA-level gender split not available via Nomis)
E07000041,Exeter,3243,1524,1719,47.0,Female % estimated from UK national ratio (LA-level gender split not available via Nomis)
E09000033,Westminster,3176,1493,1683,47.0,Female % estimated from UK national ratio (LA-level gender split not available via Nomis)
E08000031,Wolverhampton,3139,1475,1664,47.0,Female % estimated from UK national ratio (LA-level gender split not available via Nomis)
E08000030,Walsall,3135,1473,1662,47.0,Female % estimated from UK national ratio (LA-level gender split not available via Nomis)
E06000051,Shropshire,3093,1454,1639,47.0,Female % estimated from UK national ratio (LA-level gender split not available via Nomis)
E08000021,Newcastle upon Tyne,3072,1444,1628,47.0,Female % estimated from UK national ratio (LA-level gender split not available via Nomis)
E06000015,Derby,3061,1439,1622,47.0,Female % estimated from UK national ratio (LA-level gender split not available via Nomis)
E07000096,Dacorum,3031,1425,1606,47.0,Female % estimated from UK national ratio (LA-level gender split not available via Nomis)
E08000006,Salford,3002,1411,1591,47.0,Female % estimated from UK national ratio (LA-level gender split not available via Nomis)
E06000021,Stoke-on-Trent,2959,1391,1568,47.0,Female % estimated from UK national ratio (LA-level gender split not available via Nomis)
E08000024,Sunderland,2927,1376,1551,47.0,Female % estimated from UK national ratio (LA-level gender split not available via Nomis)
E06000045,Southampton,2859,1344,1515,47.0,Female % estimated from UK national ratio (LA-level gender split not available via Nomis)
E07000178,Oxford,2853,1341,1512,47.0,Female % estimated from UK national ratio (LA-level gender split not available via Nomis)
E08000001,Bolton,2836,1333,1503,47.0,Female % estimated from UK national ratio (LA-level gender split not available via Nomis)
E08000027,Dudley,2762,1298,1464,47.0,Female % estimated from UK national ratio (LA-level gender split not available via Nomis)
E07000070,Chelmsford,2758,1296,1462,47.0,Female % estimated from UK national ratio (LA-level gender split not available via Nomis)
E08000033,Calderdale,2753,1294,1459,47.0,Female % estimated from UK national ratio (LA-level gender split not available via Nomis)
E07000151,Daventry,2707,1272,1435,47.0,Female % estimated from UK national ratio (LA-level gender split not available via Nomis)
E08000004,Oldham,2668,1254,1414,47.0,Female % estimated from UK national ratio (LA-level gender split not available via Nomis)
E06000014,York,2601,1222,1379,47.0,Female % estimated from UK national ratio (LA-level gender split not available via Nomis)
E08000018,Rotherham,2598,1221,1377,47.0,Female % estimated from UK national ratio (LA-level gender split not available via Nomis)
E09000008,Croydon,2542,1195,1347,47.0,Female % estimated from UK national ratio (LA-level gender split not available via Nomis)
E07000194,Lichfield,2542,1195,1347,47.0,Female % estimated from UK national ratio (LA-level gender split not available via Nomis)
E07000226,Crawley,2531,1190,1341,47.0,Female % estimated from UK national ratio (LA-level gender split not available via Nomis)
E06000044,Portsmouth,2511,1180,1331,47.0,Female % estimated from UK national ratio (LA-level gender split not available via Nomis)
E06000056,Central Bedfordshire,2486,1168,1318,47.0,Female % estimated from UK national ratio (LA-level gender split not available via Nomis)
E07000193,East Staffordshire,2448,1151,1297,47.0,Female % estimated from UK national ratio (LA-level gender split not available via Nomis)
E07000123,Preston,2418,1136,1282,47.0,Female % estimated from UK national ratio (LA-level gender split not available via Nomis)
E07000241,Welwyn Hatfield,2383,1120,1263,47.0,Female % estimated from UK national ratio (LA-level gender split not available via Nomis)
E07000195,Newcastle-under-Lyme,2363,1111,1252,47.0,Female % estimated from UK national ratio (LA-level gender split not available via Nomis)
E08000016,Barnsley,2357,1108,1249,47.0,Female % estimated from UK national ratio (LA-level gender split not available via Nomis)
E07000008,Cambridge,2353,1106,1247,47.0,Female % estimated from UK national ratio (LA-level gender split not available via Nomis)
E09000010,Enfield,2345,1102,1243,47.0,Female % estimated from UK national ratio (LA-level gender split not available via Nomis)
E06000043,Brighton and Hove,2300,1081,1219,47.0,Female % estimated from UK national ratio (LA-level gender split not available via Nomis)
E09000007,Camden,2292,1077,1215,47.0,Female % estimated from UK national ratio (LA-level gender split not available via Nomis)
E07000131,Harborough,2282,1073,1209,47.0,Female % estimated from UK national ratio (LA-level gender split not available via Nomis)
E06000006,Halton,2277,1070,1207,47.0,Female % estimated from UK national ratio (LA-level gender split not available via Nomis)
E09000005,Brent,2277,1070,1207,47.0,Female % estimated from UK national ratio (LA-level gender split not available via Nomis)
E09000016,Havering,2265,1065,1200,47.0,Female % estimated from UK national ratio (LA-level gender split not available via Nomis)
E07000175,Newark and Sherwood,2263,1064,1199,47.0,Female % estimated from UK national ratio (LA-level gender split not available via Nomis)
E07000141,South Kesteven,2257,1061,1196,47.0,Female % estimated from UK national ratio (LA-level gender split not available via Nomis)
E07000170,Ashfield,2229,1048,1181,47.0,Female % estimated from UK national ratio (LA-level gender split not available via Nomis)
E07000221,Stratford-on-Avon,2214,1041,1173,47.0,Female % estimated from UK national ratio (LA-level gender split not available via Nomis)
E07000148,Norwich,2205,1036,1169,47.0,Female % estimated from UK national ratio (LA-level gender split not available via Nomis)
E07000222,Warwick,2201,1034,1167,47.0,Female % estimated from UK national ratio (LA-level gender split not available via Nomis)
E08000013,St. Helens,2199,1034,1165,47.0,Female % estimated from UK national ratio (LA-level gender split not available via Nomis)
E09000018,Hounslow,2186,1027,1159,47.0,Female % estimated from UK national ratio (LA-level gender split not available via Nomis)
E07000177,Cherwell,2184,1026,1158,47.0,Female % estimated from UK national ratio (LA-level gender split not available via Nomis)
E06000029,Poole,2180,1025,1155,47.0,Female % estimated from UK national ratio (LA-level gender split not available via Nomis)
E07000155,South Northamptonshire,2176,1023,1153,47.0,Female % estimated from UK national ratio (LA-level gender split not available via Nomis)
E06000024,North Somerset,2172,1021,1151,47.0,Female % estimated from UK national ratio (LA-level gender split not available via Nomis)
E07000134,North West Leicestershire,2168,1019,1149,47.0,Female % estimated from UK national ratio (LA-level gender split not available via Nomis)
E08000029,Solihull,2157,1014,1143,47.0,Female % estimated from UK national ratio (LA-level gender split not available via Nomis)
E06000026,Plymouth,2153,1012,1141,47.0,Female % estimated from UK national ratio (LA-level gender split not available via Nomis)
E07000197,Stafford,2120,996,1124,47.0,Female % estimated from UK national ratio (LA-level gender split not available via Nomis)
E07000218,North Warwickshire,2031,955,1076,47.0,Female % estimated from UK national ratio (LA-level gender split not available via Nomis)
E07000032,Amber Valley,2012,946,1066,47.0,Female % estimated from UK national ratio (LA-level gender split not available via Nomis)
E06000011,East Riding of Yorkshire,2007,943,1064,47.0,Female % estimated from UK national ratio (LA-level gender split not available via Nomis)
E06000038,Reading,2004,942,1062,47.0,Female % estimated from UK national ratio (LA-level gender split not available via Nomis)
E07000192,Cannock Chase,2002,941,1061,47.0,Female % estimated from UK national ratio (LA-level gender split not available via Nomis)
E08000015,Wirral,1962,922,1040,47.0,Female % estimated from UK national ratio (LA-level gender split not available via Nomis)
E09000003,Barnet,1950,916,1034,47.0,Female % estimated from UK national ratio (LA-level gender split not available via Nomis)
E07000084,Basingstoke and Deane,1948,916,1032,47.0,Female % estimated from UK national ratio (LA-level gender split not available via Nomis)
E07000066,Basildon,1914,900,1014,47.0,Female % estimated from UK national ratio (LA-level gender split not available via Nomis)
E07000156,Wellingborough,1912,899,1013,47.0,Female % estimated from UK national ratio (LA-level gender split not available via Nomis)
E06000010,"Kingston upon Hull, City of",1893,890,1003,47.0,Female % estimated from UK national ratio (LA-level gender split not available via Nomis)
E07000115,Tonbridge and Malling,1885,886,999,47.0,Female % estimated from UK national ratio (LA-level gender split not available via Nomis)
E07000127,West Lancashire,1870,879,991,47.0,Female % estimated from UK national ratio (LA-level gender split not available via Nomis)
E06000028,Bournemouth,1866,877,989,47.0,Female % estimated from UK national ratio (LA-level gender split not available via Nomis)
E08000014,Sefton,1862,875,987,47.0,Female % estimated from UK national ratio (LA-level gender split not available via Nomis)
E06000020,Telford and Wrekin,1859,874,985,47.0,Female % estimated from UK national ratio (LA-level gender split not available via Nomis)
E08000037,Gateshead,1825,858,967,47.0,Female % estimated from UK national ratio (LA-level gender split not available via Nomis)
E07000165,Harrogate,1811,851,960,47.0,Female % estimated from UK national ratio (LA-level gender split not available via Nomis)
E07000132,Hinckley and Bosworth,1808,850,958,47.0,Female % estimated from UK national ratio (LA-level gender split not available via Nomis)
E06000037,West Berkshire,1803,847,956,47.0,Female % estimated from UK national ratio (LA-level gender split not available via Nomis)
E07000220,Rugby,1798,845,953,47.0,Female % estimated from UK national ratio (LA-level gender split not available via Nomis)
E07000103,Watford,1773,833,940,47.0,Female % estimated from UK national ratio (LA-level gender split not available via Nomis)
E06000032,Luton,1755,825,930,47.0,Female % estimated from UK national ratio (LA-level gender split not available via Nomis)
E06000034,Thurrock,1724,810,914,47.0,Female % estimated from UK national ratio (LA-level gender split not available via Nomis)
E06000008,Blackburn with Darwen,1720,808,912,47.0,Female % estimated from UK national ratio (LA-level gender split not available via Nomis)
E06000039,Slough,1703,800,903,47.0,Female % estimated from UK national ratio (LA-level gender split not available via Nomis)
E07000207,Elmbridge,1689,794,895,47.0,Female % estimated from UK national ratio (LA-level gender split not available via Nomis)
E06000057,Northumberland,1679,789,890,47.0,Female % estimated from UK national ratio (LA-level gender split not available via Nomis)
E07000007,Wycombe,1679,789,890,47.0,Female % estimated from UK national ratio (LA-level gender split not available via Nomis)
E07000219,Nuneaton and Bedworth,1676,788,888,47.0,Female % estimated from UK national ratio (LA-level gender split not available via Nomis)
E07000011,Huntingdonshire,1658,779,879,47.0,Female % estimated from UK national ratio (LA-level gender split not available via Nomis)
E09000030,Tower Hamlets,1647,774,873,47.0,Female % estimated from UK national ratio (LA-level gender split not available via Nomis)
E07000224,Arun,1605,754,851,47.0,Female % estimated from UK national ratio (LA-level gender split not available via Nomis)
E09000025,Newham,1593,749,844,47.0,Female % estimated from UK national ratio (LA-level gender split not available via Nomis)
E07000086,Eastleigh,1567,736,831,47.0,Female % estimated from UK national ratio (LA-level gender split not available via Nomis)
E07000045,Teignbridge,1564,735,829,47.0,Female % estimated from UK national ratio (LA-level gender split not available via Nomis)
E07000150,Corby,1561,734,827,47.0,Female % estimated from UK national ratio (LA-level gender split not available via Nomis)
E09000002,Barking and Dagenham,1560,733,827,47.0,Female % estimated from UK national ratio (LA-level gender split not available via Nomis)
E07000092,Rushmoor,1557,732,825,47.0,Female % estimated from UK national ratio (LA-level gender split not available via Nomis)
E06000040,Windsor and Maidenhead,1543,725,818,47.0,Female % estimated from UK national ratio (LA-level gender split not available via Nomis)
E09000028,Southwark,1523,716,807,47.0,Female % estimated from UK national ratio (LA-level gender split not available via Nomis)
E07000091,New Forest,1520,714,806,47.0,Female % estimated from UK national ratio (LA-level gender split not available via Nomis)
E06000004,Stockton-on-Tees,1515,712,803,47.0,Female % estimated from UK national ratio (LA-level gender split not available via Nomis)
E07000094,Winchester,1501,705,796,47.0,Female % estimated from UK national ratio (LA-level gender split not available via Nomis)
E09000022,Lambeth,1497,704,793,47.0,Female % estimated from UK national ratio (LA-level gender split not available via Nomis)
E07000196,South Staffordshire,1475,693,782,47.0,Female % estimated from UK national ratio (LA-level gender split not available via Nomis)
E07000202,Ipswich,1475,693,782,47.0,Female % estimated from UK national ratio (LA-level gender split not available via Nomis)
E07000110,Maidstone,1470,691,779,47.0,Female % estimated from UK national ratio (LA-level gender split not available via Nomis)
E06000022,Bath and North East Somerset,1469,690,779,47.0,Female % estimated from UK national ratio (LA-level gender split not available via Nomis)
E06000035,Medway,1467,689,778,47.0,Female % estimated from UK national ratio (LA-level gender split not available via Nomis)
E09000019,Islington,1462,687,775,47.0,Female % estimated from UK national ratio (LA-level gender split not available via Nomis)
E09000006,Bromley,1461,687,774,47.0,Female % estimated from UK national ratio (LA-level gender split not available via Nomis)
E07000071,Colchester,1459,686,773,47.0,Female % estimated from UK national ratio (LA-level gender split not available via Nomis)
E09000021,Kingston upon Thames,1454,683,771,47.0,Female % estimated from UK national ratio (LA-level gender split not available via Nomis)
E07000004,Aylesbury Vale,1449,681,768,47.0,Female % estimated from UK national ratio (LA-level gender split not available via Nomis)
E07000238,Wychavon,1437,675,762,47.0,Female % estimated from UK national ratio (LA-level gender split not available via Nomis)
E06000009,Blackpool,1433,674,759,47.0,Female % estimated from UK national ratio (LA-level gender split not available via Nomis)
E07000209,Guildford,1424,669,755,47.0,Female % estimated from UK national ratio (LA-level gender split not available via Nomis)
E07000199,Tamworth,1424,669,755,47.0,Female % estimated from UK national ratio (LA-level gender split not available via Nomis)
E09000004,Bexley,1424,669,755,47.0,Female % estimated from UK national ratio (LA-level gender split not available via Nomis)
E06000033,Southend-on-Sea,1414,665,749,47.0,Female % estimated from UK national ratio (LA-level gender split not available via Nomis)
E07000081,Gloucester,1412,664,748,47.0,Female % estimated from UK national ratio (LA-level gender split not available via Nomis)
E07000067,Braintree,1411,663,748,47.0,Female % estimated from UK national ratio (LA-level gender split not available via Nomis)
E07000130,Charnwood,1408,662,746,47.0,Female % estimated from UK national ratio (LA-level gender split not available via Nomis)
E07000237,Worcester,1378,648,730,47.0,Female % estimated from UK national ratio (LA-level gender split not available via Nomis)
E07000204,St Edmundsbury,1360,639,721,47.0,Female % estimated from UK national ratio (LA-level gender split not available via Nomis)
E07000189,South Somerset,1338,629,709,47.0,Female % estimated from UK national ratio (LA-level gender split not available via Nomis)
E07000190,Taunton Deane,1338,629,709,47.0,Female % estimated from UK national ratio (LA-level gender split not available via Nomis)
E07000107,Dartford,1335,627,708,47.0,Female % estimated from UK national ratio (LA-level gender split not available via Nomis)
E07000129,Blaby,1330,625,705,47.0,Female % estimated from UK national ratio (LA-level gender split not available via Nomis)
E09000027,Richmond upon Thames,1326,623,703,47.0,Female % estimated from UK national ratio (LA-level gender split not available via Nomis)
E06000036,Bracknell Forest,1322,621,701,47.0,Female % estimated from UK national ratio (LA-level gender split not available via Nomis)
E06000019,"Herefordshire, County of",1314,618,696,47.0,Female % estimated from UK national ratio (LA-level gender split not available via Nomis)
E07000180,Vale of White Horse,1308,615,693,47.0,Female % estimated from UK national ratio (LA-level gender split not available via Nomis)
E06000027,Torbay,1296,609,687,47.0,Female % estimated from UK national ratio (LA-level gender split not available via Nomis)
E07000234,Bromsgrove,1293,608,685,47.0,Female % estimated from UK national ratio (LA-level gender split not available via Nomis)
E08000011,Knowsley,1282,603,679,47.0,Female % estimated from UK national ratio (LA-level gender split not available via Nomis)
E06000013,North Lincolnshire,1267,595,672,47.0,Female % estimated from UK national ratio (LA-level gender split not available via Nomis)
E07000240,St Albans,1261,593,668,47.0,Female % estimated from UK national ratio (LA-level gender split not available via Nomis)
E09000011,Greenwich,1251,588,663,47.0,Female % estimated from UK national ratio (LA-level gender split not available via Nomis)
E07000137,East Lindsey,1251,588,663,47.0,Female % estimated from UK national ratio (LA-level gender split not available via Nomis)
E08000002,Bury,1250,588,662,47.0,Female % estimated from UK national ratio (LA-level gender split not available via Nomis)
E07000036,Erewash,1238,582,656,47.0,Female % estimated from UK national ratio (LA-level gender split not available via Nomis)
E07000093,Test Valley,1220,573,647,47.0,Female % estimated from UK national ratio (LA-level gender split not available via Nomis)
E09000015,Harrow,1217,572,645,47.0,Female % estimated from UK national ratio (LA-level gender split not available via Nomis)
E07000039,South Derbyshire,1215,571,644,47.0,Female % estimated from UK national ratio (LA-level gender split not available via Nomis)
E07000152,East Northamptonshire,1211,569,642,47.0,Female % estimated from UK national ratio (LA-level gender split not available via Nomis)
E07000031,South Lakeland,1201,564,637,47.0,Female % estimated from UK national ratio (LA-level gender split not available via Nomis)
E07000187,Mendip,1198,563,635,47.0,Female % estimated from UK national ratio (LA-level gender split not available via Nomis)
E07000121,Lancaster,1194,561,633,47.0,Female % estimated from UK national ratio (LA-level gender split not available via Nomis)
E09000013,Hammersmith and Fulham,1176,553,623,47.0,Female % estimated from UK national ratio (LA-level gender split not available via Nomis)
E07000181,West Oxfordshire,1172,551,621,47.0,Female % estimated from UK national ratio (LA-level gender split not available via Nomis)
E06000055,Bedford,1169,549,620,47.0,Female % estimated from UK national ratio (LA-level gender split not available via Nomis)
E07000078,Cheltenham,1149,540,609,47.0,Female % estimated from UK national ratio (LA-level gender split not available via Nomis)
E07000138,Lincoln,1143,537,606,47.0,Female % estimated from UK national ratio (LA-level gender split not available via Nomis)
E09000026,Redbridge,1137,534,603,47.0,Female % estimated from UK national ratio (LA-level gender split not available via Nomis)
E08000023,South Tyneside,1137,534,603,47.0,Female % estimated from UK national ratio (LA-level gender split not available via Nomis)
E06000005,Darlington,1132,532,600,47.0,Female % estimated from UK national ratio (LA-level gender split not available via Nomis)
E07000242,East Hertfordshire,1122,527,595,47.0,Female % estimated from UK national ratio (LA-level gender split not available via Nomis)
E07000236,Redditch,1110,522,588,47.0,Female % estimated from UK national ratio (LA-level gender split not available via Nomis)
E07000153,Kettering,1094,514,580,47.0,Female % estimated from UK national ratio (LA-level gender split not available via Nomis)
E07000213,Spelthorne,1079,507,572,47.0,Female % estimated from UK national ratio (LA-level gender split not available via Nomis)
E07000012,South Cambridgeshire,1078,507,571,47.0,Female % estimated from UK national ratio (LA-level gender split not available via Nomis)
E07000139,North Kesteven,1073,504,569,47.0,Female % estimated from UK national ratio (LA-level gender split not available via Nomis)
E07000171,Bassetlaw,1072,504,568,47.0,Female % estimated from UK national ratio (LA-level gender split not available via Nomis)
E07000217,Woking,1068,502,566,47.0,Female % estimated from UK national ratio (LA-level gender split not available via Nomis)
E07000169,Selby,1066,501,565,47.0,Female % estimated from UK national ratio (LA-level gender split not available via Nomis)
E07000239,Wyre Forest,1052,494,558,47.0,Female % estimated from UK national ratio (LA-level gender split not available via Nomis)
E07000179,South Oxfordshire,1049,493,556,47.0,Female % estimated from UK national ratio (LA-level gender split not available via Nomis)
E08000022,North Tyneside,1042,490,552,47.0,Female % estimated from UK national ratio (LA-level gender split not available via Nomis)
E07000034,Chesterfield,1040,489,551,47.0,Female % estimated from UK national ratio (LA-level gender split not available via Nomis)
E07000117,Burnley,1040,489,551,47.0,Female % estimated from UK national ratio (LA-level gender split not available via Nomis)
E07000087,Fareham,1039,488,551,47.0,Female % estimated from UK national ratio (LA-level gender split not available via Nomis)
E07000113,Swale,1038,488,550,47.0,Female % estimated from UK national ratio (LA-level gender split not available via Nomis)
E07000052,West Dorset,1035,486,549,47.0,Female % estimated from UK national ratio (LA-level gender split not available via Nomis)
E07000099,North Hertfordshire,1031,485,546,47.0,Female % estimated from UK national ratio (LA-level gender split not available via Nomis)
E09000024,Merton,1030,484,546,47.0,Female % estimated from UK national ratio (LA-level gender split not available via Nomis)
E09000001,City of London,1028,483,545,47.0,Female % estimated from UK national ratio (LA-level gender split not available via Nomis)
E07000033,Bolsover,1028,483,545,47.0,Female % estimated from UK national ratio (LA-level gender split not available via Nomis)
E07000214,Surrey Heath,1021,480,541,47.0,Female % estimated from UK national ratio (LA-level gender split not available via Nomis)
E07000228,Mid Sussex,1014,477,537,47.0,Female % estimated from UK national ratio (LA-level gender split not available via Nomis)
E07000243,Stevenage,1013,476,537,47.0,Female % estimated from UK national ratio (LA-level gender split not available via Nomis)
E09000032,Wandsworth,1010,475,535,47.0,Female % estimated from UK national ratio (LA-level gender split not available via Nomis)
E07000172,Broxtowe,1010,475,535,47.0,Female % estimated from UK national ratio (LA-level gender split not available via Nomis)
E09000029,Sutton,1008,474,534,47.0,Female % estimated from UK national ratio (LA-level gender split not available via Nomis)
E07000211,Reigate and Banstead,998,469,529,47.0,Female % estimated from UK national ratio (LA-level gender split not available via Nomis)
E07000168,Scarborough,990,465,525,47.0,Female % estimated from UK national ratio (LA-level gender split not available via Nomis)
E07000146,King's Lynn and West Norfolk,987,464,523,47.0,Female % estimated from UK national ratio (LA-level gender split not available via Nomis)
E06000002,Middlesbrough,985,463,522,47.0,Female % estimated from UK national ratio (LA-level gender split not available via Nomis)
E07000216,Waverley,981,461,520,47.0,Female % estimated from UK national ratio (LA-level gender split not available via Nomis)
E06000003,Redcar and Cleveland,969,455,514,47.0,Female % estimated from UK national ratio (LA-level gender split not available via Nomis)
E06000012,North East Lincolnshire,967,454,513,47.0,Female % estimated from UK national ratio (LA-level gender split not available via Nomis)
E07000118,Chorley,966,454,512,47.0,Female % estimated from UK national ratio (LA-level gender split not available via Nomis)
E09000031,Waltham Forest,965,454,511,47.0,Female % estimated from UK national ratio (LA-level gender split not available via Nomis)
E07000126,South Ribble,964,453,511,47.0,Female % estimated from UK national ratio (LA-level gender split not available via Nomis)
E07000164,Hambleton,961,452,509,47.0,Female % estimated from UK national ratio (LA-level gender split not available via Nomis)
E07000143,Breckland,955,449,506,47.0,Female % estimated from UK national ratio (LA-level gender split not available via Nomis)
E07000028,Carlisle,949,446,503,47.0,Female % estimated from UK national ratio (LA-level gender split not available via Nomis)
E07000174,Mansfield,940,442,498,47.0,Female % estimated from UK national ratio (LA-level gender split not available via Nomis)
E07000072,Epping Forest,938,441,497,47.0,Female % estimated from UK national ratio (LA-level gender split not available via Nomis)
E07000147,North Norfolk,936,440,496,47.0,Female % estimated from UK national ratio (LA-level gender split not available via Nomis)
E07000227,Horsham,934,439,495,47.0,Female % estimated from UK national ratio (LA-level gender split not available via Nomis)
E07000188,Sedgemoor,930,437,493,47.0,Female % estimated from UK national ratio (LA-level gender split not available via Nomis)
E07000085,East Hampshire,911,428,483,47.0,Female % estimated from UK national ratio (LA-level gender split not available via Nomis)
E07000205,Suffolk Coastal,908,427,481,47.0,Female % estimated from UK national ratio (LA-level gender split not available via Nomis)
E09000023,Lewisham,898,422,476,47.0,Female % estimated from UK national ratio (LA-level gender split not available via Nomis)
E07000149,South Norfolk,894,420,474,47.0,Female % estimated from UK national ratio (LA-level gender split not available via Nomis)
E06000041,Wokingham,880,414,466,47.0,Female % estimated from UK national ratio (LA-level gender split not available via Nomis)
E07000065,Wealden,871,409,462,47.0,Female % estimated from UK national ratio (LA-level gender split not available via Nomis)
E07000106,Canterbury,870,409,461,47.0,Female % estimated from UK national ratio (LA-level gender split not available via Nomis)
E07000208,Epsom and Ewell,862,405,457,47.0,Female % estimated from UK national ratio (LA-level gender split not available via Nomis)
E07000140,South Holland,854,401,453,47.0,Female % estimated from UK national ratio (LA-level gender split not available via Nomis)
E07000200,Babergh,852,400,452,47.0,Female % estimated from UK national ratio (LA-level gender split not available via Nomis)
E07000040,East Devon,847,398,449,47.0,Female % estimated from UK national ratio (LA-level gender split not available via Nomis)
E07000095,Broxbourne,842,396,446,47.0,Female % estimated from UK national ratio (LA-level gender split not available via Nomis)
E07000109,Gravesham,842,396,446,47.0,Female % estimated from UK national ratio (LA-level gender split not available via Nomis)
E07000077,Uttlesford,839,394,445,47.0,Female % estimated from UK national ratio (LA-level gender split not available via Nomis)
E07000073,Harlow,837,393,444,47.0,Female % estimated from UK national ratio (LA-level gender split not available via Nomis)
E07000144,Broadland,837,393,444,47.0,Female % estimated from UK national ratio (LA-level gender split not available via Nomis)
E09000014,Haringey,813,382,431,47.0,Female % estimated from UK national ratio (LA-level gender split not available via Nomis)
E07000083,Tewkesbury,804,378,426,47.0,Female % estimated from UK national ratio (LA-level gender split not available via Nomis)
E07000098,Hertsmere,802,377,425,47.0,Female % estimated from UK national ratio (LA-level gender split not available via Nomis)
E07000206,Waveney,799,376,423,47.0,Female % estimated from UK national ratio (LA-level gender split not available via Nomis)
E07000203,Mid Suffolk,783,368,415,47.0,Female % estimated from UK national ratio (LA-level gender split not available via Nomis)
E07000043,North Devon,747,351,396,47.0,Female % estimated from UK national ratio (LA-level gender split not available via Nomis)
E07000076,Tendring,744,350,394,47.0,Female % estimated from UK national ratio (LA-level gender split not available via Nomis)
E09000012,Hackney,742,349,393,47.0,Female % estimated from UK national ratio (LA-level gender split not available via Nomis)
E09000020,Kensington and Chelsea,740,348,392,47.0,Female % estimated from UK national ratio (LA-level gender split not available via Nomis)
E07000176,Rushcliffe,738,347,391,47.0,Female % estimated from UK national ratio (LA-level gender split not available via Nomis)
E08000008,Tameside,735,345,390,47.0,Female % estimated from UK national ratio (LA-level gender split not available via Nomis)
E07000044,South Hams,727,342,385,47.0,Female % estimated from UK national ratio (LA-level gender split not available via Nomis)
E07000010,Fenland,727,342,385,47.0,Female % estimated from UK national ratio (LA-level gender split not available via Nomis)
E07000079,Cotswold,727,342,385,47.0,Female % estimated from UK national ratio (LA-level gender split not available via Nomis)
E07000061,Eastbourne,722,339,383,47.0,Female % estimated from UK national ratio (LA-level gender split not available via Nomis)
E07000225,Chichester,721,339,382,47.0,Female % estimated from UK national ratio (LA-level gender split not available via Nomis)
E07000215,Tandridge,715,336,379,47.0,Female % estimated from UK national ratio (LA-level gender split not available via Nomis)
E07000082,Stroud,700,329,371,47.0,Female % estimated from UK national ratio (LA-level gender split not available via Nomis)
E07000120,Hyndburn,687,323,364,47.0,Female % estimated from UK national ratio (LA-level gender split not available via Nomis)
E07000105,Ashford,684,321,363,47.0,Female % estimated from UK national ratio (LA-level gender split not available via Nomis)
E07000042,Mid Devon,680,320,360,47.0,Female % estimated from UK national ratio (LA-level gender split not available via Nomis)
E07000009,East Cambridgeshire,677,318,359,47.0,Female % estimated from UK national ratio (LA-level gender split not available via Nomis)
E07000122,Pendle,674,317,357,47.0,Female % estimated from UK national ratio (LA-level gender split not available via Nomis)
E07000229,Worthing,667,313,354,47.0,Female % estimated from UK national ratio (LA-level gender split not available via Nomis)
E07000128,Wyre,665,313,352,47.0,Female % estimated from UK national ratio (LA-level gender split not available via Nomis)
E07000116,Tunbridge Wells,656,308,348,47.0,Female % estimated from UK national ratio (LA-level gender split not available via Nomis)
E06000001,Hartlepool,633,298,335,47.0,Female % estimated from UK national ratio (LA-level gender split not available via Nomis)
E07000201,Forest Heath,632,297,335,47.0,Female % estimated from UK national ratio (LA-level gender split not available via Nomis)
E07000068,Brentwood,621,292,329,47.0,Female % estimated from UK national ratio (LA-level gender split not available via Nomis)
E07000235,Malvern Hills,618,290,328,47.0,Female % estimated from UK national ratio (LA-level gender split not available via Nomis)
E07000063,Lewes,611,287,324,47.0,Female % estimated from UK national ratio (LA-level gender split not available via Nomis)
E07000173,Gedling,608,286,322,47.0,Female % estimated from UK national ratio (LA-level gender split not available via Nomis)
E07000111,Sevenoaks,596,280,316,47.0,Female % estimated from UK national ratio (LA-level gender split not available via Nomis)
E07000035,Derbyshire Dales,583,274,309,47.0,Female % estimated from UK national ratio (LA-level gender split not available via Nomis)
E07000125,Rossendale,581,273,308,47.0,Female % estimated from UK national ratio (LA-level gender split not available via Nomis)
E07000136,Boston,580,273,307,47.0,Female % estimated from UK national ratio (LA-level gender split not available via Nomis)
E07000119,Fylde,576,271,305,47.0,Female % estimated from UK national ratio (LA-level gender split not available via Nomis)
E07000210,Mole Valley,574,270,304,47.0,Female % estimated from UK national ratio (LA-level gender split not available via Nomis)
E07000006,South Bucks,574,270,304,47.0,Female % estimated from UK national ratio (LA-level gender split not available via Nomis)
E07000212,Runnymede,569,267,302,47.0,Female % estimated from UK national ratio (LA-level gender split not available via Nomis)
E07000038,North East Derbyshire,547,257,290,47.0,Female % estimated from UK national ratio (LA-level gender split not available via Nomis)
E07000050,North Dorset,545,256,289,47.0,Female % estimated from UK national ratio (LA-level gender split not available via Nomis)
E07000102,Three Rivers,543,255,288,47.0,Female % estimated from UK national ratio (LA-level gender split not available via Nomis)
E07000142,West Lindsey,535,251,284,47.0,Female % estimated from UK national ratio (LA-level gender split not available via Nomis)
E07000049,East Dorset,529,249,280,47.0,Female % estimated from UK national ratio (LA-level gender split not available via Nomis)
E07000166,Richmondshire,527,248,279,47.0,Female % estimated from UK national ratio (LA-level gender split not available via Nomis)
E07000090,Havant,524,246,278,47.0,Female % estimated from UK national ratio (LA-level gender split not available via Nomis)
E07000145,Great Yarmouth,514,242,272,47.0,Female % estimated from UK national ratio (LA-level gender split not available via Nomis)
E07000026,Allerdale,505,237,268,47.0,Female % estimated from UK national ratio (LA-level gender split not available via Nomis)
E07000030,Eden,500,235,265,47.0,Female % estimated from UK national ratio (LA-level gender split not available via Nomis)
E07000114,Thanet,491,231,260,47.0,Female % estimated from UK national ratio (LA-level gender split not available via Nomis)
E07000198,Staffordshire Moorlands,488,229,259,47.0,Female % estimated from UK national ratio (LA-level gender split not available via Nomis)
E07000053,Weymouth and Portland,483,227,256,47.0,Female % estimated from UK national ratio (LA-level gender split not available via Nomis)
E07000089,Hart,480,226,254,47.0,Female % estimated from UK national ratio (LA-level gender split not available via Nomis)
E07000080,Forest of Dean,478,225,253,47.0,Female % estimated from UK national ratio (LA-level gender split not available via Nomis)
E07000005,Chiltern,450,212,238,47.0,Female % estimated from UK national ratio (LA-level gender split not available via Nomis)
E07000037,High Peak,449,211,238,47.0,Female % estimated from UK national ratio (LA-level gender split not available via Nomis)
E07000133,Melton,436,205,231,47.0,Female % estimated from UK national ratio (LA-level gender split not available via Nomis)
E07000088,Gosport,418,196,222,47.0,Female % estimated from UK national ratio (LA-level gender split not available via Nomis)
E07000163,Craven,404,190,214,47.0,Female % estimated from UK national ratio (LA-level gender split not available via Nomis)
E07000074,Maldon,381,179,202,47.0,Female % estimated from UK national ratio (LA-level gender split not available via Nomis)
E07000112,Folkestone and Hythe,379,178,201,47.0,Female % estimated from UK national ratio (LA-level gender split not available via Nomis)
E07000048,Christchurch,379,178,201,47.0,Female % estimated from UK national ratio (LA-level gender split not available via Nomis)
E07000167,Ryedale,372,175,197,47.0,Female % estimated from UK national ratio (LA-level gender split not available via Nomis)
E07000029,Copeland,370,174,196,47.0,Female % estimated from UK national ratio (LA-level gender split not available via Nomis)
E07000064,Rother,364,171,193,47.0,Female % estimated from UK national ratio (LA-level gender split not available via Nomis)
E07000062,Hastings,364,171,193,47.0,Female % estimated from UK national ratio (LA-level gender split not available via Nomis)
E07000124,Ribble Valley,348,164,184,47.0,Female % estimated from UK national ratio (LA-level gender split not available via Nomis)
E06000046,Isle of Wight,347,163,184,47.0,Female % estimated from UK national ratio (LA-level gender split not available via Nomis)
E06000017,Rutland,346,163,183,47.0,Female % estimated from UK national ratio (LA-level gender split not available via Nomis)
E07000075,Rochford,346,163,183,47.0,Female % estimated from UK national ratio (LA-level gender split not available via Nomis)
E07000051,Purbeck,345,162,183,47.0,Female % estimated from UK national ratio (LA-level gender split not available via Nomis)
E07000046,Torridge,342,161,181,47.0,Female % estimated from UK national ratio (LA-level gender split not available via Nomis)
E07000027,Barrow-in-Furness,337,158,179,47.0,Female % estimated from UK national ratio (LA-level gender split not available via Nomis)
E07000108,Dover,309,145,164,47.0,Female % estimated from UK national ratio (LA-level gender split not available via Nomis)
E07000135,Oadby and Wigston,297,140,157,47.0,Female % estimated from UK national ratio (LA-level gender split not available via Nomis)
E07000223,Adur,296,139,157,47.0,Female % estimated from UK national ratio (LA-level gender split not available via Nomis)
E07000047,West Devon,282,133,149,47.0,Female % estimated from UK national ratio (LA-level gender split not available via Nomis)
E07000191,West Somerset,246,116,130,47.0,Female % estimated from UK national ratio (LA-level gender split not available via Nomis)
E07000069,Castle Point,240,113,127,47.0,Female % estimated from UK national ratio (LA-level gender split not available via Nomis)
E06000053,Isles of Scilly,4,2,2,47.0,Female % estimated from UK national ratio (LA-level gender split not available via Nomis)
